node,parents,condition,prob_0,prob_1,predicted_value
疾病_高血压,"['检验_总蛋白', '药物_阿卡波糖片']","检验_总蛋白=0, 药物_阿卡波糖片=0",0.5,0.5,7.180730111444332e-17
疾病_高血压,"['检验_总蛋白', '药物_阿卡波糖片']","检验_总蛋白=0, 药物_阿卡波糖片=1",0.4145794338590362,0.5854205661409638,0.3450659114221628
疾病_高血压,"['检验_总蛋白', '药物_阿卡波糖片']","检验_总蛋白=1, 药物_阿卡波糖片=0",0.40761305825009553,0.5923869417499045,0.37384170143060824
疾病_高血压,"['检验_总蛋白', '药物_阿卡波糖片']","检验_总蛋白=1, 药物_阿卡波糖片=1",0.32763357937100257,0.6723664206289974,0.7189076128527709
疾病_高脂血症,"['药物_阿托伐他汀钙片', '检验_钠', '疾病_混合痔']","药物_阿托伐他汀钙片=0, 检验_钠=0, 疾病_混合痔=0",0.5,0.5,6.883731301960413e-17
疾病_高脂血症,"['药物_阿托伐他汀钙片', '检验_钠', '疾病_混合痔']","药物_阿托伐他汀钙片=0, 检验_钠=0, 疾病_混合痔=1",0.5580705372810615,0.4419294627189385,-0.23333508255642252
疾病_高脂血症,"['药物_阿托伐他汀钙片', '检验_钠', '疾病_混合痔']","药物_阿托伐他汀钙片=0, 检验_钠=1, 疾病_混合痔=0",0.4646698428966546,0.5353301571033454,0.14155653450807648
疾病_高脂血症,"['药物_阿托伐他汀钙片', '检验_钠', '疾病_混合痔']","药物_阿托伐他汀钙片=0, 检验_钠=1, 疾病_混合痔=1",0.5229285447665912,0.47707145523340877,-0.09177854804834609
疾病_高脂血症,"['药物_阿托伐他汀钙片', '检验_钠', '疾病_混合痔']","药物_阿托伐他汀钙片=1, 检验_钠=0, 疾病_混合痔=0",0.39166876660946826,0.6083312333905317,0.44030302592988885
疾病_高脂血症,"['药物_阿托伐他汀钙片', '检验_钠', '疾病_混合痔']","药物_阿托伐他汀钙片=1, 检验_钠=0, 疾病_混合痔=1",0.44844192686941,0.55155807313059,0.20696794337346627
疾病_高脂血症,"['药物_阿托伐他汀钙片', '检验_钠', '疾病_混合痔']","药物_阿托伐他汀钙片=1, 检验_钠=1, 疾病_混合痔=0",0.35850482117081306,0.6414951788291869,0.5818595604379653
疾病_高脂血症,"['药物_阿托伐他汀钙片', '检验_钠', '疾病_混合痔']","药物_阿托伐他汀钙片=1, 检验_钠=1, 疾病_混合痔=1",0.4137402770239593,0.5862597229760407,0.3485244778815427
疾病_糖尿病,"['疾病_反流性食管炎', '药物_阿司匹林肠溶片', '检验_葡萄糖', '检验_谷草/谷丙']","疾病_反流性食管炎=0, 药物_阿司匹林肠溶片=0, 检验_葡萄糖=0, 检验_谷草/谷丙=0",0.5,0.5,4.557696875041438e-17
疾病_糖尿病,"['疾病_反流性食管炎', '药物_阿司匹林肠溶片', '检验_葡萄糖', '检验_谷草/谷丙']","疾病_反流性食管炎=0, 药物_阿司匹林肠溶片=0, 检验_葡萄糖=0, 检验_谷草/谷丙=1",0.5,0.5,4.557696875041438e-17
疾病_糖尿病,"['疾病_反流性食管炎', '药物_阿司匹林肠溶片', '检验_葡萄糖', '检验_谷草/谷丙']","疾病_反流性食管炎=0, 药物_阿司匹林肠溶片=0, 检验_葡萄糖=1, 检验_谷草/谷丙=0",0.40816112583342123,0.5918388741665788,0.37157241311892064
疾病_糖尿病,"['疾病_反流性食管炎', '药物_阿司匹林肠溶片', '检验_葡萄糖', '检验_谷草/谷丙']","疾病_反流性食管炎=0, 药物_阿司匹林肠溶片=0, 检验_葡萄糖=1, 检验_谷草/谷丙=1",0.40816112583342123,0.5918388741665788,0.37157241311892064
疾病_糖尿病,"['疾病_反流性食管炎', '药物_阿司匹林肠溶片', '检验_葡萄糖', '检验_谷草/谷丙']","疾病_反流性食管炎=0, 药物_阿司匹林肠溶片=1, 检验_葡萄糖=0, 检验_谷草/谷丙=0",0.41184288042430406,0.5881571195756959,0.35635220394653705
疾病_糖尿病,"['疾病_反流性食管炎', '药物_阿司匹林肠溶片', '检验_葡萄糖', '检验_谷草/谷丙']","疾病_反流性食管炎=0, 药物_阿司匹林肠溶片=1, 检验_葡萄糖=0, 检验_谷草/谷丙=1",0.41184288042430406,0.5881571195756959,0.35635220394653705
疾病_糖尿病,"['疾病_反流性食管炎', '药物_阿司匹林肠溶片', '检验_葡萄糖', '检验_谷草/谷丙']","疾病_反流性食管炎=0, 药物_阿司匹林肠溶片=1, 检验_葡萄糖=1, 检验_谷草/谷丙=0",0.3256503210374566,0.6743496789625434,0.7279246170654576
疾病_糖尿病,"['疾病_反流性食管炎', '药物_阿司匹林肠溶片', '检验_葡萄糖', '检验_谷草/谷丙']","疾病_反流性食管炎=0, 药物_阿司匹林肠溶片=1, 检验_葡萄糖=1, 检验_谷草/谷丙=1",0.3256503210374566,0.6743496789625434,0.7279246170654576
疾病_糖尿病,"['疾病_反流性食管炎', '药物_阿司匹林肠溶片', '检验_葡萄糖', '检验_谷草/谷丙']","疾病_反流性食管炎=1, 药物_阿司匹林肠溶片=0, 检验_葡萄糖=0, 检验_谷草/谷丙=0",0.5743301985675956,0.4256698014324044,-0.2995405580454514
疾病_糖尿病,"['疾病_反流性食管炎', '药物_阿司匹林肠溶片', '检验_葡萄糖', '检验_谷草/谷丙']","疾病_反流性食管炎=1, 药物_阿司匹林肠溶片=0, 检验_葡萄糖=0, 检验_谷草/谷丙=1",0.5743301985675956,0.4256698014324044,-0.2995405580454514
疾病_糖尿病,"['疾病_反流性食管炎', '药物_阿司匹林肠溶片', '检验_葡萄糖', '检验_谷草/谷丙']","疾病_反流性食管炎=1, 药物_阿司匹林肠溶片=0, 检验_葡萄糖=1, 检验_谷草/谷丙=0",0.4819998185193599,0.5180001814806401,0.07203185507346921
疾病_糖尿病,"['疾病_反流性食管炎', '药物_阿司匹林肠溶片', '检验_葡萄糖', '检验_谷草/谷丙']","疾病_反流性食管炎=1, 药物_阿司匹林肠溶片=0, 检验_葡萄糖=1, 检验_谷草/谷丙=1",0.4819998185193599,0.5180001814806401,0.07203185507346921
疾病_糖尿病,"['疾病_反流性食管炎', '药物_阿司匹林肠溶片', '检验_葡萄糖', '检验_谷草/谷丙']","疾病_反流性食管炎=1, 药物_阿司匹林肠溶片=1, 检验_葡萄糖=0, 检验_谷草/谷丙=0",0.4858009073582751,0.5141990926417249,0.05681164590108562
疾病_糖尿病,"['疾病_反流性食管炎', '药物_阿司匹林肠溶片', '检验_葡萄糖', '检验_谷草/谷丙']","疾病_反流性食管炎=1, 药物_阿司匹林肠溶片=1, 检验_葡萄糖=0, 检验_谷草/谷丙=1",0.4858009073582751,0.5141990926417249,0.05681164590108562
疾病_糖尿病,"['疾病_反流性食管炎', '药物_阿司匹林肠溶片', '检验_葡萄糖', '检验_谷草/谷丙']","疾病_反流性食管炎=1, 药物_阿司匹林肠溶片=1, 检验_葡萄糖=1, 检验_谷草/谷丙=0",0.3945122692976064,0.6054877307023936,0.4283840590200062
疾病_糖尿病,"['疾病_反流性食管炎', '药物_阿司匹林肠溶片', '检验_葡萄糖', '检验_谷草/谷丙']","疾病_反流性食管炎=1, 药物_阿司匹林肠溶片=1, 检验_葡萄糖=1, 检验_谷草/谷丙=1",0.3945122692976064,0.6054877307023936,0.4283840590200062
疾病_冠状动脉粥样硬化性心脏病,"['检验_葡萄糖', '药物_阿卡波糖片']","检验_葡萄糖=0, 药物_阿卡波糖片=0",0.5,0.5,-1.0280128732057644e-16
疾病_冠状动脉粥样硬化性心脏病,"['检验_葡萄糖', '药物_阿卡波糖片']","检验_葡萄糖=0, 药物_阿卡波糖片=1",0.4417921081386239,0.5582078918613761,0.233892031201936
疾病_冠状动脉粥样硬化性心脏病,"['检验_葡萄糖', '药物_阿卡波糖片']","检验_葡萄糖=1, 药物_阿卡波糖片=0",0.5695626120783854,0.4304373879216145,-0.2800668461137111
疾病_冠状动脉粥样硬化性心脏病,"['检验_葡萄糖', '药物_阿卡波糖片']","检验_葡萄糖=1, 药物_阿卡波糖片=1",0.5115416531245771,0.48845834687542283,-0.04617481491177497
疾病_反流性食管炎,['疾病_高脂血症'],疾病_高脂血症=0,0.5,0.5,-1.5505313672007933e-17
疾病_反流性食管炎,['疾病_高脂血症'],疾病_高脂血症=1,0.3925905783492445,0.6074094216507555,0.4364357804719849
疾病_动脉硬化,"['疾病_高脂血症', '检验_总蛋白']","疾病_高脂血症=0, 检验_总蛋白=0",0.5,0.5,1.6173930881471028e-17
疾病_动脉硬化,"['疾病_高脂血症', '检验_总蛋白']","疾病_高脂血症=0, 检验_总蛋白=1",0.4872186941520762,0.5127813058479238,0.05113636363636358
疾病_动脉硬化,"['疾病_高脂血症', '检验_总蛋白']","疾病_高脂血症=1, 检验_总蛋白=0",0.395049308658752,0.604950691341248,0.42613636363636376
疾病_动脉硬化,"['疾病_高脂血症', '检验_总蛋白']","疾病_高脂血症=1, 检验_总蛋白=1",0.3828963374476462,0.6171036625523538,0.4772727272727273
疾病_脂肪肝,"['疾病_动脉硬化', '疾病_高尿酸血症']","疾病_动脉硬化=0, 疾病_高尿酸血症=0",0.5,0.5,2.119522320602287e-17
疾病_脂肪肝,"['疾病_动脉硬化', '疾病_高尿酸血症']","疾病_动脉硬化=0, 疾病_高尿酸血症=1",0.5093012524492143,0.4906987475507857,-0.03720930232558132
疾病_脂肪肝,"['疾病_动脉硬化', '疾病_高尿酸血症']","疾病_动脉硬化=1, 疾病_高尿酸血症=0",0.3735888458761465,0.6264111541238535,0.5168511011120928
疾病_脂肪肝,"['疾病_动脉硬化', '疾病_高尿酸血症']","疾病_动脉硬化=1, 疾病_高尿酸血症=1",0.38233671279796766,0.6176632872020323,0.4796417987865114
疾病_混合痔,"['疾病_高脂血症', '检验_尿酸', '检验_葡萄糖']","疾病_高脂血症=0, 检验_尿酸=0, 检验_葡萄糖=0",0.5,0.5,-4.826832118885415e-17
疾病_混合痔,"['疾病_高脂血症', '检验_尿酸', '检验_葡萄糖']","疾病_高脂血症=0, 检验_尿酸=0, 检验_葡萄糖=1",0.5593193956417957,0.4406806043582043,-0.23840031975609646
疾病_混合痔,"['疾病_高脂血症', '检验_尿酸', '检验_葡萄糖']","疾病_高脂血症=0, 检验_尿酸=1, 检验_葡萄糖=0",0.5757577049304561,0.42424229506954386,-0.30538217838303283
疾病_混合痔,"['疾病_高脂血症', '检验_尿酸', '检验_葡萄糖']","疾病_高脂血症=0, 检验_尿酸=1, 检验_葡萄糖=1",0.6326918836731286,0.3673081163268715,-0.5437824981391293
疾病_混合痔,"['疾病_高脂血症', '检验_尿酸', '检验_葡萄糖']","疾病_高脂血症=1, 检验_尿酸=0, 检验_葡萄糖=0",0.56775932058301,0.43224067941699,-0.2727150361678689
疾病_混合痔,"['疾病_高脂血症', '检验_尿酸', '检验_葡萄糖']","疾病_高脂血症=1, 检验_尿酸=0, 检验_葡萄糖=1",0.6250679035148213,0.37493209648517867,-0.5111153559239653
疾病_混合痔,"['疾病_高脂血症', '检验_尿酸', '检验_葡萄糖']","疾病_高脂血症=1, 检验_尿酸=1, 检验_葡萄糖=0",0.6406294580055671,0.3593705419944328,-0.5780972145509017
疾病_混合痔,"['疾病_高脂血症', '检验_尿酸', '检验_葡萄糖']","疾病_高脂血症=1, 检验_尿酸=1, 检验_葡萄糖=1",0.6934923584805075,0.3065076415194925,-0.8164975343069981
疾病_高尿酸血症,"['疾病_糖尿病', '药物_阿托伐他汀钙片']","疾病_糖尿病=0, 药物_阿托伐他汀钙片=0",0.5,0.5,7.095530380748908e-17
疾病_高尿酸血症,"['疾病_糖尿病', '药物_阿托伐他汀钙片']","疾病_糖尿病=0, 药物_阿托伐他汀钙片=1",0.4493196530929868,0.5506803469070132,0.20341995145379563
疾病_高尿酸血症,"['疾病_糖尿病', '药物_阿托伐他汀钙片']","疾病_糖尿病=1, 药物_阿托伐他汀钙片=0",0.38840095536963837,0.6115990446303616,0.4540387158000225
疾病_高尿酸血症,"['疾病_糖尿病', '药物_阿托伐他汀钙片']","疾病_糖尿病=1, 药物_阿托伐他汀钙片=1",0.34131071753681774,0.6586892824631823,0.6574586672538181
药物_氯化钠注射液,"['疾病_反流性食管炎', '药物_肝素钠注射液']","疾病_反流性食管炎=0, 药物_肝素钠注射液=0",0.5,0.5,-4.344293206272557e-17
药物_氯化钠注射液,"['疾病_反流性食管炎', '药物_肝素钠注射液']","疾病_反流性食管炎=0, 药物_肝素钠注射液=1",0.39108945663360406,0.6089105433663959,0.4427350427350427
药物_氯化钠注射液,"['疾病_反流性食管炎', '药物_肝素钠注射液']","疾病_反流性食管炎=1, 药物_肝素钠注射液=0",0.45058914388282556,0.5494108561171744,0.1982905982905983
药物_氯化钠注射液,"['疾病_反流性食管炎', '药物_肝素钠注射液']","疾病_反流性食管炎=1, 药物_肝素钠注射液=1",0.34501472865203664,0.6549852713479634,0.6410256410256411
药物_艾司唑仑片,"['疾病_反流性食管炎', '疾病_心律失常', '检验_谷草/谷丙']","疾病_反流性食管炎=0, 疾病_心律失常=0, 检验_谷草/谷丙=0",0.5,0.5,2.6213124710176848e-17
药物_艾司唑仑片,"['疾病_反流性食管炎', '疾病_心律失常', '检验_谷草/谷丙']","疾病_反流性食管炎=0, 疾病_心律失常=0, 检验_谷草/谷丙=1",0.5,0.5,2.6213124710176848e-17
药物_艾司唑仑片,"['疾病_反流性食管炎', '疾病_心律失常', '检验_谷草/谷丙']","疾病_反流性食管炎=0, 疾病_心律失常=1, 检验_谷草/谷丙=0",0.4794962562413355,0.5205037437586645,0.08206099398622178
药物_艾司唑仑片,"['疾病_反流性食管炎', '疾病_心律失常', '检验_谷草/谷丙']","疾病_反流性食管炎=0, 疾病_心律失常=1, 检验_谷草/谷丙=1",0.4794962562413355,0.5205037437586645,0.08206099398622178
药物_艾司唑仑片,"['疾病_反流性食管炎', '疾病_心律失常', '检验_谷草/谷丙']","疾病_反流性食管炎=1, 疾病_心律失常=0, 检验_谷草/谷丙=0",0.393930487999281,0.606069512000719,0.4308202184276645
药物_艾司唑仑片,"['疾病_反流性食管炎', '疾病_心律失常', '检验_谷草/谷丙']","疾病_反流性食管炎=1, 疾病_心律失常=0, 检验_谷草/谷丙=1",0.393930487999281,0.606069512000719,0.4308202184276645
药物_艾司唑仑片,"['疾病_反流性食管炎', '疾病_心律失常', '检验_谷草/谷丙']","疾病_反流性食管炎=1, 疾病_心律失常=1, 检验_谷草/谷丙=0",0.37451834534073114,0.6254816546592689,0.5128812124138863
药物_艾司唑仑片,"['疾病_反流性食管炎', '疾病_心律失常', '检验_谷草/谷丙']","疾病_反流性食管炎=1, 疾病_心律失常=1, 检验_谷草/谷丙=1",0.37451834534073114,0.6254816546592689,0.5128812124138863
药物_阿司匹林肠溶片,"['疾病_高血压', '疾病_高脂血症', '检验_钠', '疾病_糖尿病']","疾病_高血压=0, 疾病_高脂血症=0, 检验_钠=0, 疾病_糖尿病=0",0.5,0.5,-6.780414728441762e-17
药物_阿司匹林肠溶片,"['疾病_高血压', '疾病_高脂血症', '检验_钠', '疾病_糖尿病']","疾病_高血压=0, 疾病_高脂血症=0, 检验_钠=0, 疾病_糖尿病=1",0.37672067578005297,0.623279324219947,0.5034907720040955
药物_阿司匹林肠溶片,"['疾病_高血压', '疾病_高脂血症', '检验_钠', '疾病_糖尿病']","疾病_高血压=0, 疾病_高脂血症=0, 检验_钠=1, 疾病_糖尿病=0",0.4478649789571797,0.5521350210428203,0.2093008189722941
药物_阿司匹林肠溶片,"['疾病_高血压', '疾病_高脂血症', '检验_钠', '疾病_糖尿病']","疾病_高血压=0, 疾病_高脂血症=0, 检验_钠=1, 疾病_糖尿病=1",0.3289822943180051,0.6710177056819949,0.7127915909763898
药物_阿司匹林肠溶片,"['疾病_高血压', '疾病_高脂血症', '检验_钠', '疾病_糖尿病']","疾病_高血压=0, 疾病_高脂血症=1, 检验_钠=0, 疾病_糖尿病=0",0.447944062557882,0.552055937442118,0.2089810128314104
药物_阿司匹林肠溶片,"['疾病_高血压', '疾病_高脂血症', '检验_钠', '疾病_糖尿病']","疾病_高血压=0, 疾病_高脂血症=1, 检验_钠=0, 疾病_糖尿病=1",0.32905289632602375,0.6709471036739763,0.712471784835506
药物_阿司匹林肠溶片,"['疾病_高血压', '疾病_高脂血症', '检验_钠', '疾病_糖尿病']","疾病_高血压=0, 疾病_高脂血症=1, 检验_钠=1, 疾病_糖尿病=0",0.3969279657076076,0.6030720342923924,0.4182818318037046
药物_阿司匹林肠溶片,"['疾病_高血压', '疾病_高脂血症', '检验_钠', '疾病_糖尿病']","疾病_高血压=0, 疾病_高脂血症=1, 检验_钠=1, 疾病_糖尿病=1",0.2845968517733457,0.7154031482266543,0.9217726038078002
药物_阿司匹林肠溶片,"['疾病_高血压', '疾病_高脂血症', '检验_钠', '疾病_糖尿病']","疾病_高血压=1, 疾病_高脂血症=0, 检验_钠=0, 疾病_糖尿病=0",0.5003677259615734,0.4996322740384266,-0.0014709041114926579
药物_阿司匹林肠溶片,"['疾病_高血压', '疾病_高脂血症', '检验_钠', '疾病_糖尿病']","疾病_高血压=1, 疾病_高脂血症=0, 检验_钠=0, 疾病_糖尿病=1",0.37706610988951084,0.6229338901104892,0.502019867892603
药物_阿司匹林肠溶片,"['疾病_高血压', '疾病_高脂血症', '检验_钠', '疾病_糖尿病']","疾病_高血压=1, 疾病_高脂血症=0, 检验_钠=1, 疾病_糖尿病=0",0.4482287348080649,0.5517712651919351,0.2078299148608015
药物_阿司匹林肠溶片,"['疾病_高血压', '疾病_高脂血症', '检验_钠', '疾病_糖尿病']","疾病_高血压=1, 疾病_高脂血症=0, 检验_钠=1, 疾病_糖尿病=1",0.329307082373551,0.670692917626449,0.7113206868648971
药物_阿司匹林肠溶片,"['疾病_高血压', '疾病_高脂血症', '检验_钠', '疾病_糖尿病']","疾病_高血压=1, 疾病_高脂血症=1, 检验_钠=0, 疾病_糖尿病=0",0.44830783048732625,0.5516921695126737,0.2075101087199178
药物_阿司匹林肠溶片,"['疾病_高血压', '疾病_高脂血症', '检验_钠', '疾病_糖尿病']","疾病_高血压=1, 疾病_高脂血症=1, 检验_钠=0, 疾病_糖尿病=1",0.32937771986938713,0.6706222801306129,0.7110008807240135
药物_阿司匹林肠溶片,"['疾病_高血压', '疾病_高脂血症', '检验_钠', '疾病_糖尿病']","疾病_高血压=1, 疾病_高脂血症=1, 检验_钠=1, 疾病_糖尿病=0",0.39728011840534316,0.6027198815946568,0.41681092769221195
药物_阿司匹林肠溶片,"['疾病_高血压', '疾病_高脂血症', '检验_钠', '疾病_糖尿病']","疾病_高血压=1, 疾病_高脂血症=1, 检验_钠=1, 疾病_糖尿病=1",0.28489642489482603,0.715103575105174,0.9203016996963076
药物_盐酸羟考酮缓释片,['疾病_糖尿病'],疾病_糖尿病=0,0.5,0.5,-4.525576650575423e-17
药物_盐酸羟考酮缓释片,['疾病_糖尿病'],疾病_糖尿病=1,0.4188911870921944,0.5811088129078056,0.3273268353539885
药物_阿托伐他汀钙片,['疾病_高脂血症'],疾病_高脂血症=0,0.5,0.5,-9.736343050989676e-17
药物_阿托伐他汀钙片,['疾病_高脂血症'],疾病_高脂血症=1,0.3797670879995818,0.6202329120004182,0.4905369335242762
药物_苯磺酸氨氯地平片,"['药物_硫酸氢氯吡格雷片', '检验_总蛋白', '疾病_高血压']","药物_硫酸氢氯吡格雷片=0, 检验_总蛋白=0, 疾病_高血压=0",0.5,0.5,-3.5003943676085737e-17
药物_苯磺酸氨氯地平片,"['药物_硫酸氢氯吡格雷片', '检验_总蛋白', '疾病_高血压']","药物_硫酸氢氯吡格雷片=0, 检验_总蛋白=0, 疾病_高血压=1",0.46017941284770847,0.5398205871522915,0.15962039696628988
药物_苯磺酸氨氯地平片,"['药物_硫酸氢氯吡格雷片', '检验_总蛋白', '疾病_高血压']","药物_硫酸氢氯吡格雷片=0, 检验_总蛋白=1, 疾病_高血压=0",0.44897126501620155,0.5510287349837985,0.2048280704413569
药物_苯磺酸氨氯地平片,"['药物_硫酸氢氯吡格雷片', '检验_总蛋白', '疾病_高血压']","药物_硫酸氢氯吡格雷片=0, 检验_总蛋白=1, 疾病_高血压=1",0.40988314556199534,0.5901168544380047,0.3644484674076468
药物_苯磺酸氨氯地平片,"['药物_硫酸氢氯吡格雷片', '检验_总蛋白', '疾病_高血压']","药物_硫酸氢氯吡格雷片=1, 检验_总蛋白=0, 疾病_高血压=0",0.38902416676832796,0.610975833231672,0.45141593851984385
药物_苯磺酸氨氯地平片,"['药物_硫酸氢氯吡格雷片', '检验_总蛋白', '疾病_高血压']","药物_硫酸氢氯吡格雷片=1, 检验_总蛋白=0, 疾病_高血压=1",0.3518228320445572,0.6481771679554428,0.6110363354861338
药物_苯磺酸氨氯地平片,"['药物_硫酸氢氯吡格雷片', '检验_总蛋白', '疾病_高血压']","药物_硫酸氢氯吡格雷片=1, 检验_总蛋白=1, 疾病_高血压=0",0.34158384684756005,0.65841615315244,0.6562440089612007
药物_苯磺酸氨氯地平片,"['药物_硫酸氢氯吡格雷片', '检验_总蛋白', '疾病_高血压']","药物_硫酸氢氯吡格雷片=1, 检验_总蛋白=1, 疾病_高血压=1",0.30664223621969067,0.6933577637803093,0.8158644059274907
药物_阿卡波糖片,"['疾病_糖尿病', '疾病_高血压']","疾病_糖尿病=0, 疾病_高血压=0",0.5,0.5,-5.986749330626686e-17
药物_阿卡波糖片,"['疾病_糖尿病', '疾病_高血压']","疾病_糖尿病=0, 疾病_高血压=1",0.4124465267868265,0.5875534732131735,0.3538606947717532
药物_阿卡波糖片,"['疾病_糖尿病', '疾病_高血压']","疾病_糖尿病=1, 疾病_高血压=0",0.39142128510890684,0.6085787148910932,0.44134182749389617
药物_阿卡波糖片,"['疾病_糖尿病', '疾病_高血压']","疾病_糖尿病=1, 疾病_高血压=1",0.31105268006153475,0.6889473199384653,0.7952025222656494
药物_碳酸钙片,"['疾病_心律失常', '疾病_高血压', '检验_磷']","疾病_心律失常=0, 疾病_高血压=0, 检验_磷=0",0.5,0.5,-6.456962237950171e-17
药物_碳酸钙片,"['疾病_心律失常', '疾病_高血压', '检验_磷']","疾病_心律失常=0, 疾病_高血压=0, 检验_磷=1",0.4103202764013383,0.5896797235986617,0.3626415314452157
药物_碳酸钙片,"['疾病_心律失常', '疾病_高血压', '检验_磷']","疾病_心律失常=0, 疾病_高血压=1, 检验_磷=0",0.4693472244966229,0.5306527755033771,0.12276505531742483
药物_碳酸钙片,"['疾病_心律失常', '疾病_高血压', '检验_磷']","疾病_心律失常=0, 疾病_高血压=1, 检验_磷=1",0.3809762538431889,0.6190237461568111,0.4854065867626406
药物_碳酸钙片,"['疾病_心律失常', '疾病_高血压', '检验_磷']","疾病_心律失常=1, 疾病_高血压=0, 检验_磷=0",0.4507859704751124,0.5492140295248876,0.19749555866523594
药物_碳酸钙片,"['疾病_心律失常', '疾病_高血压', '检验_磷']","疾病_心律失常=1, 疾病_高血压=0, 检验_磷=1",0.3635157403055339,0.6364842596944661,0.5601370901104517
药物_碳酸钙片,"['疾病_心律失常', '疾病_高血压', '检验_磷']","疾病_心律失常=1, 疾病_高血压=1, 检验_磷=0",0.42061223553993576,0.5793877644600642,0.3202606139826608
药物_碳酸钙片,"['疾病_心律失常', '疾病_高血压', '检验_磷']","疾病_心律失常=1, 疾病_高血压=1, 检验_磷=1",0.3356138819098693,0.6643861180901307,0.6829021454278765
药物_硫酸氢氯吡格雷片,"['检验_尿酸', '检验_谷草/谷丙']","检验_尿酸=0, 检验_谷草/谷丙=0",0.5,0.5,-1.9648471703285196e-17
药物_硫酸氢氯吡格雷片,"['检验_尿酸', '检验_谷草/谷丙']","检验_尿酸=0, 检验_谷草/谷丙=1",0.5,0.5,-1.9648471703285196e-17
药物_硫酸氢氯吡格雷片,"['检验_尿酸', '检验_谷草/谷丙']","检验_尿酸=1, 检验_谷草/谷丙=0",0.42937582296533194,0.5706241770346681,0.28439822949726057
药物_硫酸氢氯吡格雷片,"['检验_尿酸', '检验_谷草/谷丙']","检验_尿酸=1, 检验_谷草/谷丙=1",0.42937582296533194,0.5706241770346681,0.28439822949726057
药物_肝素钠注射液,"['检验_氯', '药物_氯化钠注射液']","检验_氯=0, 药物_氯化钠注射液=0",0.5,0.5,2.8355745327491906e-18
药物_肝素钠注射液,"['检验_氯', '药物_氯化钠注射液']","检验_氯=0, 药物_氯化钠注射液=1",0.4073334000459302,0.5926665999540698,0.37500000000000006
药物_肝素钠注射液,"['检验_氯', '药物_氯化钠注射液']","检验_氯=1, 药物_氯化钠注射液=0",0.4389326108006345,0.5610673891993655,0.24549512651549155
药物_肝素钠注射液,"['检验_氯', '药物_氯化钠注射液']","检验_氯=1, 药物_氯化钠注射液=1",0.34966885100750833,0.6503311489924917,0.6204951265154917
检验_碳酸氢盐,"['检验_尿酸', '疾病_高血压']","检验_尿酸=0, 疾病_高血压=0",0.5,0.5,4.2802777376794477e-17
检验_碳酸氢盐,"['检验_尿酸', '疾病_高血压']","检验_尿酸=0, 疾病_高血压=1",0.4442223421200955,0.5557776578799045,0.22404311074218486
检验_碳酸氢盐,"['检验_尿酸', '疾病_高血压']","检验_尿酸=1, 疾病_高血压=0",0.41412176857407845,0.5858782314259215,0.3469519142139131
检验_碳酸氢盐,"['检验_尿酸', '疾病_高血压']","检验_尿酸=1, 疾病_高血压=1",0.361007259750994,0.638992740249006,0.5709950249560979
检验_葡萄糖,"['疾病_混合痔', '检验_氯', '疾病_糖尿病']","疾病_混合痔=0, 检验_氯=0, 疾病_糖尿病=0",0.5,0.5,-9.661744071552149e-17
检验_葡萄糖,"['疾病_混合痔', '检验_氯', '疾病_糖尿病']","疾病_混合痔=0, 检验_氯=0, 疾病_糖尿病=1",0.39312310785457316,0.6068768921454268,0.43420314253647596
检验_葡萄糖,"['疾病_混合痔', '检验_氯', '疾病_糖尿病']","疾病_混合痔=0, 检验_氯=1, 疾病_糖尿病=0",0.5421392966352647,0.4578607033647352,-0.1689579765528053
检验_葡萄糖,"['疾病_混合痔', '检验_氯', '疾病_糖尿病']","疾病_混合痔=0, 检验_氯=1, 疾病_糖尿病=1",0.43407477016016716,0.5659252298398328,0.26524516598367076
检验_葡萄糖,"['疾病_混合痔', '检验_氯', '疾病_糖尿病']","疾病_混合痔=1, 检验_氯=0, 疾病_糖尿病=0",0.5654764987406172,0.43452350125938277,-0.2634187050240164
检验_葡萄糖,"['疾病_混合痔', '检验_氯', '疾病_糖尿病']","疾病_混合痔=1, 检验_氯=0, 疾病_糖尿病=1",0.45740736642612034,0.5425926335738797,0.1707844375124597
检验_葡萄糖,"['疾病_混合痔', '检验_氯', '疾病_糖尿病']","疾病_混合痔=1, 检验_氯=1, 疾病_糖尿病=0",0.6064410550093917,0.39355894499060834,-0.43237668157682163
检验_葡萄糖,"['疾病_混合痔', '检验_氯', '疾病_糖尿病']","疾病_混合痔=1, 检验_氯=1, 疾病_糖尿病=1",0.4995433848870239,0.5004566151129761,0.0018264609596544412
检验_钾,"['检验_谷草/谷丙', '疾病_高血压']","检验_谷草/谷丙=0, 疾病_高血压=0",0.5,0.5,3.089826518590003e-17
检验_钾,"['检验_谷草/谷丙', '疾病_高血压']","检验_谷草/谷丙=0, 疾病_高血压=1",0.41657223491152173,0.5834277650884783,0.3368607684266078
检验_钾,"['检验_谷草/谷丙', '疾病_高血压']","检验_谷草/谷丙=1, 疾病_高血压=0",0.5,0.5,3.089826518590003e-17
检验_钾,"['检验_谷草/谷丙', '疾病_高血压']","检验_谷草/谷丙=1, 疾病_高血压=1",0.41657223491152173,0.5834277650884783,0.3368607684266078
检验_尿酸,"['疾病_混合痔', '检验_碳酸氢盐']","疾病_混合痔=0, 检验_碳酸氢盐=0",0.5,0.5,-1.1132383556947267e-16
检验_尿酸,"['疾病_混合痔', '检验_碳酸氢盐']","疾病_混合痔=0, 检验_碳酸氢盐=1",0.4336499262383281,0.5663500737616719,0.2669748048516441
检验_尿酸,"['疾病_混合痔', '检验_碳酸氢盐']","疾病_混合痔=1, 检验_碳酸氢盐=0",0.5848971616344683,0.4151028383655318,-0.34290974687781345
检验_尿酸,"['疾病_混合痔', '检验_碳酸氢盐']","疾病_混合痔=1, 检验_碳酸氢盐=1",0.5189746188957456,0.48102538110425436,-0.07593494202616924
检验_氯,"['检验_钠', '检验_总蛋白']","检验_钠=0, 检验_总蛋白=0",0.5,0.5,9.184572294626296e-18
检验_氯,"['检验_钠', '检验_总蛋白']","检验_钠=0, 检验_总蛋白=1",0.4183512251776461,0.5816487748223539,0.32954545454545453
检验_氯,"['检验_钠', '检验_总蛋白']","检验_钠=1, 检验_总蛋白=0",0.39640798651815323,0.6035920134818468,0.42045454545454536
检验_氯,"['检验_钠', '检验_总蛋白']","检验_钠=1, 检验_总蛋白=1",0.320821300824607,0.679178699175393,0.7499999999999999
检验_钠,['检验_氯'],检验_氯=0,0.5,0.5,7.930164461608257e-18
检验_钠,['检验_氯'],检验_氯=1,0.40016878066485995,0.59983121933514,0.40476190476190493
检验_镁,['检验_尿酸'],检验_尿酸=0,0.5,0.5,8.636660292490788e-17
检验_镁,['检验_尿酸'],检验_尿酸=1,0.4128972070627128,0.5871027929372872,0.3520012515622308
检验_磷,"['检验_尿酸', '检验_碳酸氢盐']","检验_尿酸=0, 检验_碳酸氢盐=0",0.5,0.5,1.0312622930559474e-16
检验_磷,"['检验_尿酸', '检验_碳酸氢盐']","检验_尿酸=0, 检验_碳酸氢盐=1",0.5762924206473967,0.4237075793526033,-0.3075716606466577
检验_磷,"['检验_尿酸', '检验_碳酸氢盐']","检验_尿酸=1, 检验_碳酸氢盐=0",0.3874635930460588,0.6125364069539412,0.4579864896272254
检验_磷,"['检验_尿酸', '检验_碳酸氢盐']","检验_尿酸=1, 检验_碳酸氢盐=1",0.4624670301864312,0.5375329698135688,0.15041482898056757
检验_总蛋白,"['疾病_高血压', '检验_碳酸氢盐']","疾病_高血压=0, 检验_碳酸氢盐=0",0.5,0.5,-2.5580093075334112e-17
检验_总蛋白,"['疾病_高血压', '检验_碳酸氢盐']","疾病_高血压=0, 检验_碳酸氢盐=1",0.5476053481167003,0.45239465188329975,-0.1909999373153167
检验_总蛋白,"['疾病_高血压', '检验_碳酸氢盐']","疾病_高血压=1, 检验_碳酸氢盐=0",0.3869042872613343,0.6130957127386657,0.4603437192808444
检验_总蛋白,"['疾病_高血压', '检验_碳酸氢盐']","疾病_高血压=1, 检验_碳酸氢盐=1",0.4330682026927085,0.5669317973072915,0.2693437819655277
检验_谷草/谷丙,"['检验_钠', '药物_氯化钠注射液']","检验_钠=0, 药物_氯化钠注射液=0",0.5,0.5,0.0
检验_谷草/谷丙,"['检验_钠', '药物_氯化钠注射液']","检验_钠=0, 药物_氯化钠注射液=1",0.5,0.5,0.0
检验_谷草/谷丙,"['检验_钠', '药物_氯化钠注射液']","检验_钠=1, 药物_氯化钠注射液=0",0.5,0.5,0.0
检验_谷草/谷丙,"['检验_钠', '药物_氯化钠注射液']","检验_钠=1, 药物_氯化钠注射液=1",0.5,0.5,0.0
